PatientID,Medication,Dosage,StartDate
3,Amlodipine,5mg,2026-04-08
4,Amlodipine,5mg,2026-04-08
5,Amlodipine,5mg,2026-04-08
6,Amlodipine,5mg,2026-04-08
8,Amlodipine,5mg,2026-04-08
10,Amlodipine,5mg,2026-04-08
12,Amlodipine,5mg,2026-04-08
13,Amlodipine,5mg,2026-04-08
14,Amlodipine,5mg,2026-04-08
15,Amlodipine,5mg,2026-04-08
17,Amlodipine,5mg,2026-04-08
18,Amlodipine,5mg,2026-04-08
19,Amlodipine,5mg,2026-04-08
20,Amlodipine,5mg,2026-04-08
21,Amlodipine,5mg,2026-04-08
22,Amlodipine,5mg,2026-04-08
25,Amlodipine,5mg,2026-04-08
27,Amlodipine,5mg,2026-04-08
28,Amlodipine,5mg,2026-04-08
29,Amlodipine,5mg,2026-04-08
30,Amlodipine,5mg,2026-04-08
31,Amlodipine,5mg,2026-04-08
32,Amlodipine,5mg,2026-04-08
33,Amlodipine,5mg,2026-04-08
34,Amlodipine,5mg,2026-04-08
35,Amlodipine,5mg,2026-04-08
36,Amlodipine,5mg,2026-04-08
38,Amlodipine,5mg,2026-04-08
39,Amlodipine,5mg,2026-04-08
40,Amlodipine,5mg,2026-04-08
41,Amlodipine,5mg,2026-04-08
42,Amlodipine,5mg,2026-04-08
44,Amlodipine,5mg,2026-04-08
45,Amlodipine,5mg,2026-04-08
46,Amlodipine,5mg,2026-04-08
49,Amlodipine,5mg,2026-04-08
50,Amlodipine,5mg,2026-04-08
52,Amlodipine,5mg,2026-04-08
54,Amlodipine,5mg,2026-04-08
56,Amlodipine,5mg,2026-04-08
57,Amlodipine,5mg,2026-04-08
58,Amlodipine,5mg,2026-04-08
59,Amlodipine,5mg,2026-04-08
60,Amlodipine,5mg,2026-04-08
61,Amlodipine,5mg,2026-04-08
65,Amlodipine,5mg,2026-04-08
66,Amlodipine,5mg,2026-04-08
67,Amlodipine,5mg,2026-04-08
68,Amlodipine,5mg,2026-04-08
70,Amlodipine,5mg,2026-04-08
71,Amlodipine,5mg,2026-04-08
73,Amlodipine,5mg,2026-04-08
74,Amlodipine,5mg,2026-04-08
75,Amlodipine,5mg,2026-04-08
76,Amlodipine,5mg,2026-04-08
78,Amlodipine,5mg,2026-04-08
79,Amlodipine,5mg,2026-04-08
80,Amlodipine,5mg,2026-04-08
81,Amlodipine,5mg,2026-04-08
82,Amlodipine,5mg,2026-04-08
83,Amlodipine,5mg,2026-04-08
84,Amlodipine,5mg,2026-04-08
85,Amlodipine,5mg,2026-04-08
87,Amlodipine,5mg,2026-04-08
89,Amlodipine,5mg,2026-04-08
91,Amlodipine,5mg,2026-04-08
92,Amlodipine,5mg,2026-04-08
93,Amlodipine,5mg,2026-04-08
95,Amlodipine,5mg,2026-04-08
96,Amlodipine,5mg,2026-04-08
98,Amlodipine,5mg,2026-04-08
99,Amlodipine,5mg,2026-04-08
101,Amlodipine,5mg,2026-04-08
102,Amlodipine,5mg,2026-04-08
103,Amlodipine,5mg,2026-04-08
105,Amlodipine,5mg,2026-04-08
107,Amlodipine,5mg,2026-04-08
109,Amlodipine,5mg,2026-04-08
110,Amlodipine,5mg,2026-04-08
111,Amlodipine,5mg,2026-04-08
112,Amlodipine,5mg,2026-04-08
113,Amlodipine,5mg,2026-04-08
114,Amlodipine,5mg,2026-04-08
116,Amlodipine,5mg,2026-04-08
118,Amlodipine,5mg,2026-04-08
119,Amlodipine,5mg,2026-04-08
120,Amlodipine,5mg,2026-04-08
122,Amlodipine,5mg,2026-04-08
123,Amlodipine,5mg,2026-04-08
125,Amlodipine,5mg,2026-04-08
126,Amlodipine,5mg,2026-04-08
127,Amlodipine,5mg,2026-04-08
128,Amlodipine,5mg,2026-04-08
130,Amlodipine,5mg,2026-04-08
131,Amlodipine,5mg,2026-04-08
132,Amlodipine,5mg,2026-04-08
133,Amlodipine,5mg,2026-04-08
135,Amlodipine,5mg,2026-04-08
137,Amlodipine,5mg,2026-04-08
138,Amlodipine,5mg,2026-04-08
139,Amlodipine,5mg,2026-04-08
140,Amlodipine,5mg,2026-04-08
141,Amlodipine,5mg,2026-04-08
142,Amlodipine,5mg,2026-04-08
143,Amlodipine,5mg,2026-04-08
144,Amlodipine,5mg,2026-04-08
145,Amlodipine,5mg,2026-04-08
146,Amlodipine,5mg,2026-04-08
147,Amlodipine,5mg,2026-04-08
148,Amlodipine,5mg,2026-04-08
149,Amlodipine,5mg,2026-04-08
150,Amlodipine,5mg,2026-04-08
152,Amlodipine,5mg,2026-04-08
153,Amlodipine,5mg,2026-04-08
154,Amlodipine,5mg,2026-04-08
156,Amlodipine,5mg,2026-04-08
157,Amlodipine,5mg,2026-04-08
158,Amlodipine,5mg,2026-04-08
160,Amlodipine,5mg,2026-04-08
162,Amlodipine,5mg,2026-04-08
163,Amlodipine,5mg,2026-04-08
164,Amlodipine,5mg,2026-04-08
165,Amlodipine,5mg,2026-04-08
166,Amlodipine,5mg,2026-04-08
167,Amlodipine,5mg,2026-04-08
168,Amlodipine,5mg,2026-04-08
169,Amlodipine,5mg,2026-04-08
170,Amlodipine,5mg,2026-04-08
171,Amlodipine,5mg,2026-04-08
172,Amlodipine,5mg,2026-04-08
174,Amlodipine,5mg,2026-04-08
175,Amlodipine,5mg,2026-04-08
176,Amlodipine,5mg,2026-04-08
177,Amlodipine,5mg,2026-04-08
178,Amlodipine,5mg,2026-04-08
179,Amlodipine,5mg,2026-04-08
181,Amlodipine,5mg,2026-04-08
182,Amlodipine,5mg,2026-04-08
184,Amlodipine,5mg,2026-04-08
185,Amlodipine,5mg,2026-04-08
186,Amlodipine,5mg,2026-04-08
187,Amlodipine,5mg,2026-04-08
191,Amlodipine,5mg,2026-04-08
195,Amlodipine,5mg,2026-04-08
196,Amlodipine,5mg,2026-04-08
199,Amlodipine,5mg,2026-04-08
200,Amlodipine,5mg,2026-04-08
202,Amlodipine,5mg,2026-04-08
203,Amlodipine,5mg,2026-04-08
204,Amlodipine,5mg,2026-04-08
205,Amlodipine,5mg,2026-04-08
206,Amlodipine,5mg,2026-04-08
207,Amlodipine,5mg,2026-04-08
208,Amlodipine,5mg,2026-04-08
209,Amlodipine,5mg,2026-04-08
210,Amlodipine,5mg,2026-04-08
211,Amlodipine,5mg,2026-04-08
213,Amlodipine,5mg,2026-04-08
214,Amlodipine,5mg,2026-04-08
215,Amlodipine,5mg,2026-04-08
216,Amlodipine,5mg,2026-04-08
217,Amlodipine,5mg,2026-04-08
218,Amlodipine,5mg,2026-04-08
219,Amlodipine,5mg,2026-04-08
220,Amlodipine,5mg,2026-04-08
221,Amlodipine,5mg,2026-04-08
223,Amlodipine,5mg,2026-04-08
225,Amlodipine,5mg,2026-04-08
226,Amlodipine,5mg,2026-04-08
228,Amlodipine,5mg,2026-04-08
229,Amlodipine,5mg,2026-04-08
231,Amlodipine,5mg,2026-04-08
232,Amlodipine,5mg,2026-04-08
233,Amlodipine,5mg,2026-04-08
235,Amlodipine,5mg,2026-04-08
237,Amlodipine,5mg,2026-04-08
238,Amlodipine,5mg,2026-04-08
239,Amlodipine,5mg,2026-04-08
240,Amlodipine,5mg,2026-04-08
241,Amlodipine,5mg,2026-04-08
242,Amlodipine,5mg,2026-04-08
243,Amlodipine,5mg,2026-04-08
245,Amlodipine,5mg,2026-04-08
246,Amlodipine,5mg,2026-04-08
247,Amlodipine,5mg,2026-04-08
248,Amlodipine,5mg,2026-04-08
249,Amlodipine,5mg,2026-04-08
250,Amlodipine,5mg,2026-04-08
251,Amlodipine,5mg,2026-04-08
252,Amlodipine,5mg,2026-04-08
253,Amlodipine,5mg,2026-04-08
254,Amlodipine,5mg,2026-04-08
256,Amlodipine,5mg,2026-04-08
257,Amlodipine,5mg,2026-04-08
258,Amlodipine,5mg,2026-04-08
259,Amlodipine,5mg,2026-04-08
262,Amlodipine,5mg,2026-04-08
263,Amlodipine,5mg,2026-04-08
264,Amlodipine,5mg,2026-04-08
265,Amlodipine,5mg,2026-04-08
267,Amlodipine,5mg,2026-04-08
268,Amlodipine,5mg,2026-04-08
269,Amlodipine,5mg,2026-04-08
270,Amlodipine,5mg,2026-04-08
271,Amlodipine,5mg,2026-04-08
272,Amlodipine,5mg,2026-04-08
273,Amlodipine,5mg,2026-04-08
274,Amlodipine,5mg,2026-04-08
275,Amlodipine,5mg,2026-04-08
276,Amlodipine,5mg,2026-04-08
277,Amlodipine,5mg,2026-04-08
278,Amlodipine,5mg,2026-04-08
279,Amlodipine,5mg,2026-04-08
281,Amlodipine,5mg,2026-04-08
282,Amlodipine,5mg,2026-04-08
284,Amlodipine,5mg,2026-04-08
285,Amlodipine,5mg,2026-04-08
286,Amlodipine,5mg,2026-04-08
287,Amlodipine,5mg,2026-04-08
288,Amlodipine,5mg,2026-04-08
289,Amlodipine,5mg,2026-04-08
290,Amlodipine,5mg,2026-04-08
291,Amlodipine,5mg,2026-04-08
292,Amlodipine,5mg,2026-04-08
294,Amlodipine,5mg,2026-04-08
295,Amlodipine,5mg,2026-04-08
296,Amlodipine,5mg,2026-04-08
297,Amlodipine,5mg,2026-04-08
298,Amlodipine,5mg,2026-04-08
300,Amlodipine,5mg,2026-04-08
301,Amlodipine,5mg,2026-04-08
302,Amlodipine,5mg,2026-04-08
304,Amlodipine,5mg,2026-04-08
306,Amlodipine,5mg,2026-04-08
307,Amlodipine,5mg,2026-04-08
309,Amlodipine,5mg,2026-04-08
311,Amlodipine,5mg,2026-04-08
312,Amlodipine,5mg,2026-04-08
316,Amlodipine,5mg,2026-04-08
317,Amlodipine,5mg,2026-04-08
318,Amlodipine,5mg,2026-04-08
319,Amlodipine,5mg,2026-04-08
320,Amlodipine,5mg,2026-04-08
321,Amlodipine,5mg,2026-04-08
322,Amlodipine,5mg,2026-04-08
323,Amlodipine,5mg,2026-04-08
324,Amlodipine,5mg,2026-04-08
326,Amlodipine,5mg,2026-04-08
328,Amlodipine,5mg,2026-04-08
330,Amlodipine,5mg,2026-04-08
331,Amlodipine,5mg,2026-04-08
333,Amlodipine,5mg,2026-04-08
335,Amlodipine,5mg,2026-04-08
336,Amlodipine,5mg,2026-04-08
337,Amlodipine,5mg,2026-04-08
338,Amlodipine,5mg,2026-04-08
339,Amlodipine,5mg,2026-04-08
340,Amlodipine,5mg,2026-04-08
341,Amlodipine,5mg,2026-04-08
342,Amlodipine,5mg,2026-04-08
343,Amlodipine,5mg,2026-04-08
345,Amlodipine,5mg,2026-04-08
346,Amlodipine,5mg,2026-04-08
348,Amlodipine,5mg,2026-04-08
349,Amlodipine,5mg,2026-04-08
350,Amlodipine,5mg,2026-04-08
352,Amlodipine,5mg,2026-04-08
353,Amlodipine,5mg,2026-04-08
354,Amlodipine,5mg,2026-04-08
357,Amlodipine,5mg,2026-04-08
361,Amlodipine,5mg,2026-04-08
362,Amlodipine,5mg,2026-04-08
363,Amlodipine,5mg,2026-04-08
364,Amlodipine,5mg,2026-04-08
365,Amlodipine,5mg,2026-04-08
366,Amlodipine,5mg,2026-04-08
368,Amlodipine,5mg,2026-04-08
370,Amlodipine,5mg,2026-04-08
371,Amlodipine,5mg,2026-04-08
372,Amlodipine,5mg,2026-04-08
373,Amlodipine,5mg,2026-04-08
374,Amlodipine,5mg,2026-04-08
375,Amlodipine,5mg,2026-04-08
378,Amlodipine,5mg,2026-04-08
379,Amlodipine,5mg,2026-04-08
380,Amlodipine,5mg,2026-04-08
381,Amlodipine,5mg,2026-04-08
382,Amlodipine,5mg,2026-04-08
383,Amlodipine,5mg,2026-04-08
384,Amlodipine,5mg,2026-04-08
385,Amlodipine,5mg,2026-04-08
387,Amlodipine,5mg,2026-04-08
388,Amlodipine,5mg,2026-04-08
389,Amlodipine,5mg,2026-04-08
391,Amlodipine,5mg,2026-04-08
392,Amlodipine,5mg,2026-04-08
398,Amlodipine,5mg,2026-04-08
401,Amlodipine,5mg,2026-04-08
403,Amlodipine,5mg,2026-04-08
404,Amlodipine,5mg,2026-04-08
406,Amlodipine,5mg,2026-04-08
407,Amlodipine,5mg,2026-04-08
410,Amlodipine,5mg,2026-04-08
411,Amlodipine,5mg,2026-04-08
414,Amlodipine,5mg,2026-04-08
415,Amlodipine,5mg,2026-04-08
417,Amlodipine,5mg,2026-04-08
418,Amlodipine,5mg,2026-04-08
419,Amlodipine,5mg,2026-04-08
420,Amlodipine,5mg,2026-04-08
421,Amlodipine,5mg,2026-04-08
423,Amlodipine,5mg,2026-04-08
427,Amlodipine,5mg,2026-04-08
428,Amlodipine,5mg,2026-04-08
429,Amlodipine,5mg,2026-04-08
430,Amlodipine,5mg,2026-04-08
431,Amlodipine,5mg,2026-04-08
432,Amlodipine,5mg,2026-04-08
433,Amlodipine,5mg,2026-04-08
434,Amlodipine,5mg,2026-04-08
435,Amlodipine,5mg,2026-04-08
436,Amlodipine,5mg,2026-04-08
437,Amlodipine,5mg,2026-04-08
438,Amlodipine,5mg,2026-04-08
440,Amlodipine,5mg,2026-04-08
441,Amlodipine,5mg,2026-04-08
442,Amlodipine,5mg,2026-04-08
443,Amlodipine,5mg,2026-04-08
444,Amlodipine,5mg,2026-04-08
445,Amlodipine,5mg,2026-04-08
446,Amlodipine,5mg,2026-04-08
448,Amlodipine,5mg,2026-04-08
450,Amlodipine,5mg,2026-04-08
451,Amlodipine,5mg,2026-04-08
454,Amlodipine,5mg,2026-04-08
455,Amlodipine,5mg,2026-04-08
456,Amlodipine,5mg,2026-04-08
458,Amlodipine,5mg,2026-04-08
459,Amlodipine,5mg,2026-04-08
460,Amlodipine,5mg,2026-04-08
461,Amlodipine,5mg,2026-04-08
462,Amlodipine,5mg,2026-04-08
463,Amlodipine,5mg,2026-04-08
464,Amlodipine,5mg,2026-04-08
469,Amlodipine,5mg,2026-04-08
470,Amlodipine,5mg,2026-04-08
471,Amlodipine,5mg,2026-04-08
474,Amlodipine,5mg,2026-04-08
475,Amlodipine,5mg,2026-04-08
476,Amlodipine,5mg,2026-04-08
479,Amlodipine,5mg,2026-04-08
480,Amlodipine,5mg,2026-04-08
482,Amlodipine,5mg,2026-04-08
483,Amlodipine,5mg,2026-04-08
484,Amlodipine,5mg,2026-04-08
485,Amlodipine,5mg,2026-04-08
486,Amlodipine,5mg,2026-04-08
490,Amlodipine,5mg,2026-04-08
491,Amlodipine,5mg,2026-04-08
493,Amlodipine,5mg,2026-04-08
495,Amlodipine,5mg,2026-04-08
496,Amlodipine,5mg,2026-04-08
497,Amlodipine,5mg,2026-04-08
498,Amlodipine,5mg,2026-04-08
499,Amlodipine,5mg,2026-04-08
500,Amlodipine,5mg,2026-04-08
501,Amlodipine,5mg,2026-04-08
503,Amlodipine,5mg,2026-04-08
504,Amlodipine,5mg,2026-04-08
505,Amlodipine,5mg,2026-04-08
506,Amlodipine,5mg,2026-04-08
507,Amlodipine,5mg,2026-04-08
508,Amlodipine,5mg,2026-04-08
509,Amlodipine,5mg,2026-04-08
510,Amlodipine,5mg,2026-04-08
513,Amlodipine,5mg,2026-04-08
514,Amlodipine,5mg,2026-04-08
516,Amlodipine,5mg,2026-04-08
517,Amlodipine,5mg,2026-04-08
518,Amlodipine,5mg,2026-04-08
519,Amlodipine,5mg,2026-04-08
521,Amlodipine,5mg,2026-04-08
522,Amlodipine,5mg,2026-04-08
523,Amlodipine,5mg,2026-04-08
525,Amlodipine,5mg,2026-04-08
526,Amlodipine,5mg,2026-04-08
527,Amlodipine,5mg,2026-04-08
528,Amlodipine,5mg,2026-04-08
529,Amlodipine,5mg,2026-04-08
530,Amlodipine,5mg,2026-04-08
531,Amlodipine,5mg,2026-04-08
532,Amlodipine,5mg,2026-04-08
533,Amlodipine,5mg,2026-04-08
534,Amlodipine,5mg,2026-04-08
535,Amlodipine,5mg,2026-04-08
537,Amlodipine,5mg,2026-04-08
541,Amlodipine,5mg,2026-04-08
544,Amlodipine,5mg,2026-04-08
546,Amlodipine,5mg,2026-04-08
547,Amlodipine,5mg,2026-04-08
548,Amlodipine,5mg,2026-04-08
549,Amlodipine,5mg,2026-04-08
550,Amlodipine,5mg,2026-04-08
552,Amlodipine,5mg,2026-04-08
553,Amlodipine,5mg,2026-04-08
556,Amlodipine,5mg,2026-04-08
558,Amlodipine,5mg,2026-04-08
559,Amlodipine,5mg,2026-04-08
560,Amlodipine,5mg,2026-04-08
561,Amlodipine,5mg,2026-04-08
562,Amlodipine,5mg,2026-04-08
563,Amlodipine,5mg,2026-04-08
565,Amlodipine,5mg,2026-04-08
566,Amlodipine,5mg,2026-04-08
567,Amlodipine,5mg,2026-04-08
568,Amlodipine,5mg,2026-04-08
570,Amlodipine,5mg,2026-04-08
571,Amlodipine,5mg,2026-04-08
572,Amlodipine,5mg,2026-04-08
573,Amlodipine,5mg,2026-04-08
574,Amlodipine,5mg,2026-04-08
575,Amlodipine,5mg,2026-04-08
576,Amlodipine,5mg,2026-04-08
577,Amlodipine,5mg,2026-04-08
578,Amlodipine,5mg,2026-04-08
580,Amlodipine,5mg,2026-04-08
581,Amlodipine,5mg,2026-04-08
582,Amlodipine,5mg,2026-04-08
584,Amlodipine,5mg,2026-04-08
585,Amlodipine,5mg,2026-04-08
586,Amlodipine,5mg,2026-04-08
587,Amlodipine,5mg,2026-04-08
588,Amlodipine,5mg,2026-04-08
590,Amlodipine,5mg,2026-04-08
591,Amlodipine,5mg,2026-04-08
592,Amlodipine,5mg,2026-04-08
593,Amlodipine,5mg,2026-04-08
594,Amlodipine,5mg,2026-04-08
595,Amlodipine,5mg,2026-04-08
596,Amlodipine,5mg,2026-04-08
597,Amlodipine,5mg,2026-04-08
598,Amlodipine,5mg,2026-04-08
600,Amlodipine,5mg,2026-04-08
601,Amlodipine,5mg,2026-04-08
602,Amlodipine,5mg,2026-04-08
603,Amlodipine,5mg,2026-04-08
604,Amlodipine,5mg,2026-04-08
605,Amlodipine,5mg,2026-04-08
607,Amlodipine,5mg,2026-04-08
609,Amlodipine,5mg,2026-04-08
611,Amlodipine,5mg,2026-04-08
613,Amlodipine,5mg,2026-04-08
614,Amlodipine,5mg,2026-04-08
615,Amlodipine,5mg,2026-04-08
616,Amlodipine,5mg,2026-04-08
619,Amlodipine,5mg,2026-04-08
620,Amlodipine,5mg,2026-04-08
621,Amlodipine,5mg,2026-04-08
622,Amlodipine,5mg,2026-04-08
623,Amlodipine,5mg,2026-04-08
624,Amlodipine,5mg,2026-04-08
625,Amlodipine,5mg,2026-04-08
627,Amlodipine,5mg,2026-04-08
628,Amlodipine,5mg,2026-04-08
629,Amlodipine,5mg,2026-04-08
630,Amlodipine,5mg,2026-04-08
631,Amlodipine,5mg,2026-04-08
633,Amlodipine,5mg,2026-04-08
634,Amlodipine,5mg,2026-04-08
635,Amlodipine,5mg,2026-04-08
636,Amlodipine,5mg,2026-04-08
637,Amlodipine,5mg,2026-04-08
638,Amlodipine,5mg,2026-04-08
639,Amlodipine,5mg,2026-04-08
640,Amlodipine,5mg,2026-04-08
642,Amlodipine,5mg,2026-04-08
643,Amlodipine,5mg,2026-04-08
645,Amlodipine,5mg,2026-04-08
646,Amlodipine,5mg,2026-04-08
648,Amlodipine,5mg,2026-04-08
649,Amlodipine,5mg,2026-04-08
650,Amlodipine,5mg,2026-04-08
651,Amlodipine,5mg,2026-04-08
652,Amlodipine,5mg,2026-04-08
653,Amlodipine,5mg,2026-04-08
654,Amlodipine,5mg,2026-04-08
657,Amlodipine,5mg,2026-04-08
658,Amlodipine,5mg,2026-04-08
659,Amlodipine,5mg,2026-04-08
660,Amlodipine,5mg,2026-04-08
661,Amlodipine,5mg,2026-04-08
662,Amlodipine,5mg,2026-04-08
665,Amlodipine,5mg,2026-04-08
666,Amlodipine,5mg,2026-04-08
667,Amlodipine,5mg,2026-04-08
668,Amlodipine,5mg,2026-04-08
669,Amlodipine,5mg,2026-04-08
670,Amlodipine,5mg,2026-04-08
671,Amlodipine,5mg,2026-04-08
672,Amlodipine,5mg,2026-04-08
673,Amlodipine,5mg,2026-04-08
676,Amlodipine,5mg,2026-04-08
677,Amlodipine,5mg,2026-04-08
679,Amlodipine,5mg,2026-04-08
680,Amlodipine,5mg,2026-04-08
683,Amlodipine,5mg,2026-04-08
684,Amlodipine,5mg,2026-04-08
685,Amlodipine,5mg,2026-04-08
686,Amlodipine,5mg,2026-04-08
687,Amlodipine,5mg,2026-04-08
688,Amlodipine,5mg,2026-04-08
689,Amlodipine,5mg,2026-04-08
690,Amlodipine,5mg,2026-04-08
691,Amlodipine,5mg,2026-04-08
692,Amlodipine,5mg,2026-04-08
693,Amlodipine,5mg,2026-04-08
694,Amlodipine,5mg,2026-04-08
695,Amlodipine,5mg,2026-04-08
696,Amlodipine,5mg,2026-04-08
698,Amlodipine,5mg,2026-04-08
702,Amlodipine,5mg,2026-04-08
705,Amlodipine,5mg,2026-04-08
706,Amlodipine,5mg,2026-04-08
707,Amlodipine,5mg,2026-04-08
708,Amlodipine,5mg,2026-04-08
709,Amlodipine,5mg,2026-04-08
710,Amlodipine,5mg,2026-04-08
712,Amlodipine,5mg,2026-04-08
713,Amlodipine,5mg,2026-04-08
714,Amlodipine,5mg,2026-04-08
715,Amlodipine,5mg,2026-04-08
716,Amlodipine,5mg,2026-04-08
717,Amlodipine,5mg,2026-04-08
718,Amlodipine,5mg,2026-04-08
719,Amlodipine,5mg,2026-04-08
722,Amlodipine,5mg,2026-04-08
723,Amlodipine,5mg,2026-04-08
724,Amlodipine,5mg,2026-04-08
726,Amlodipine,5mg,2026-04-08
728,Amlodipine,5mg,2026-04-08
729,Amlodipine,5mg,2026-04-08
730,Amlodipine,5mg,2026-04-08
734,Amlodipine,5mg,2026-04-08
735,Amlodipine,5mg,2026-04-08
737,Amlodipine,5mg,2026-04-08
738,Amlodipine,5mg,2026-04-08
739,Amlodipine,5mg,2026-04-08
740,Amlodipine,5mg,2026-04-08
741,Amlodipine,5mg,2026-04-08
742,Amlodipine,5mg,2026-04-08
743,Amlodipine,5mg,2026-04-08
744,Amlodipine,5mg,2026-04-08
745,Amlodipine,5mg,2026-04-08
746,Amlodipine,5mg,2026-04-08
747,Amlodipine,5mg,2026-04-08
748,Amlodipine,5mg,2026-04-08
749,Amlodipine,5mg,2026-04-08
750,Amlodipine,5mg,2026-04-08
752,Amlodipine,5mg,2026-04-08
753,Amlodipine,5mg,2026-04-08
754,Amlodipine,5mg,2026-04-08
755,Amlodipine,5mg,2026-04-08
757,Amlodipine,5mg,2026-04-08
758,Amlodipine,5mg,2026-04-08
759,Amlodipine,5mg,2026-04-08
760,Amlodipine,5mg,2026-04-08
763,Amlodipine,5mg,2026-04-08
764,Amlodipine,5mg,2026-04-08
766,Amlodipine,5mg,2026-04-08
769,Amlodipine,5mg,2026-04-08
770,Amlodipine,5mg,2026-04-08
771,Amlodipine,5mg,2026-04-08
772,Amlodipine,5mg,2026-04-08
774,Amlodipine,5mg,2026-04-08
775,Amlodipine,5mg,2026-04-08
776,Amlodipine,5mg,2026-04-08
778,Amlodipine,5mg,2026-04-08
779,Amlodipine,5mg,2026-04-08
780,Amlodipine,5mg,2026-04-08
781,Amlodipine,5mg,2026-04-08
782,Amlodipine,5mg,2026-04-08
784,Amlodipine,5mg,2026-04-08
785,Amlodipine,5mg,2026-04-08
786,Amlodipine,5mg,2026-04-08
787,Amlodipine,5mg,2026-04-08
789,Amlodipine,5mg,2026-04-08
790,Amlodipine,5mg,2026-04-08
792,Amlodipine,5mg,2026-04-08
793,Amlodipine,5mg,2026-04-08
795,Amlodipine,5mg,2026-04-08
796,Amlodipine,5mg,2026-04-08
797,Amlodipine,5mg,2026-04-08
798,Amlodipine,5mg,2026-04-08
799,Amlodipine,5mg,2026-04-08
800,Amlodipine,5mg,2026-04-08
801,Amlodipine,5mg,2026-04-08
802,Amlodipine,5mg,2026-04-08
803,Amlodipine,5mg,2026-04-08
804,Amlodipine,5mg,2026-04-08
805,Amlodipine,5mg,2026-04-08
809,Amlodipine,5mg,2026-04-08
811,Amlodipine,5mg,2026-04-08
812,Amlodipine,5mg,2026-04-08
813,Amlodipine,5mg,2026-04-08
814,Amlodipine,5mg,2026-04-08
816,Amlodipine,5mg,2026-04-08
817,Amlodipine,5mg,2026-04-08
818,Amlodipine,5mg,2026-04-08
819,Amlodipine,5mg,2026-04-08
820,Amlodipine,5mg,2026-04-08
821,Amlodipine,5mg,2026-04-08
822,Amlodipine,5mg,2026-04-08
823,Amlodipine,5mg,2026-04-08
825,Amlodipine,5mg,2026-04-08
826,Amlodipine,5mg,2026-04-08
828,Amlodipine,5mg,2026-04-08
829,Amlodipine,5mg,2026-04-08
831,Amlodipine,5mg,2026-04-08
832,Amlodipine,5mg,2026-04-08
833,Amlodipine,5mg,2026-04-08
834,Amlodipine,5mg,2026-04-08
837,Amlodipine,5mg,2026-04-08
839,Amlodipine,5mg,2026-04-08
841,Amlodipine,5mg,2026-04-08
842,Amlodipine,5mg,2026-04-08
843,Amlodipine,5mg,2026-04-08
844,Amlodipine,5mg,2026-04-08
845,Amlodipine,5mg,2026-04-08
846,Amlodipine,5mg,2026-04-08
848,Amlodipine,5mg,2026-04-08
850,Amlodipine,5mg,2026-04-08
852,Amlodipine,5mg,2026-04-08
853,Amlodipine,5mg,2026-04-08
854,Amlodipine,5mg,2026-04-08
855,Amlodipine,5mg,2026-04-08
857,Amlodipine,5mg,2026-04-08
859,Amlodipine,5mg,2026-04-08
860,Amlodipine,5mg,2026-04-08
862,Amlodipine,5mg,2026-04-08
863,Amlodipine,5mg,2026-04-08
864,Amlodipine,5mg,2026-04-08
865,Amlodipine,5mg,2026-04-08
866,Amlodipine,5mg,2026-04-08
869,Amlodipine,5mg,2026-04-08
871,Amlodipine,5mg,2026-04-08
872,Amlodipine,5mg,2026-04-08
873,Amlodipine,5mg,2026-04-08
874,Amlodipine,5mg,2026-04-08
875,Amlodipine,5mg,2026-04-08
876,Amlodipine,5mg,2026-04-08
877,Amlodipine,5mg,2026-04-08
878,Amlodipine,5mg,2026-04-08
879,Amlodipine,5mg,2026-04-08
880,Amlodipine,5mg,2026-04-08
881,Amlodipine,5mg,2026-04-08
882,Amlodipine,5mg,2026-04-08
883,Amlodipine,5mg,2026-04-08
885,Amlodipine,5mg,2026-04-08
886,Amlodipine,5mg,2026-04-08
887,Amlodipine,5mg,2026-04-08
889,Amlodipine,5mg,2026-04-08
890,Amlodipine,5mg,2026-04-08
892,Amlodipine,5mg,2026-04-08
895,Amlodipine,5mg,2026-04-08
896,Amlodipine,5mg,2026-04-08
897,Amlodipine,5mg,2026-04-08
898,Amlodipine,5mg,2026-04-08
899,Amlodipine,5mg,2026-04-08
901,Amlodipine,5mg,2026-04-08
902,Amlodipine,5mg,2026-04-08
903,Amlodipine,5mg,2026-04-08
904,Amlodipine,5mg,2026-04-08
905,Amlodipine,5mg,2026-04-08
906,Amlodipine,5mg,2026-04-08
907,Amlodipine,5mg,2026-04-08
910,Amlodipine,5mg,2026-04-08
911,Amlodipine,5mg,2026-04-08
912,Amlodipine,5mg,2026-04-08
915,Amlodipine,5mg,2026-04-08
916,Amlodipine,5mg,2026-04-08
917,Amlodipine,5mg,2026-04-08
918,Amlodipine,5mg,2026-04-08
919,Amlodipine,5mg,2026-04-08
920,Amlodipine,5mg,2026-04-08
921,Amlodipine,5mg,2026-04-08
922,Amlodipine,5mg,2026-04-08
923,Amlodipine,5mg,2026-04-08
924,Amlodipine,5mg,2026-04-08
926,Amlodipine,5mg,2026-04-08
928,Amlodipine,5mg,2026-04-08
929,Amlodipine,5mg,2026-04-08
930,Amlodipine,5mg,2026-04-08
931,Amlodipine,5mg,2026-04-08
932,Amlodipine,5mg,2026-04-08
933,Amlodipine,5mg,2026-04-08
934,Amlodipine,5mg,2026-04-08
935,Amlodipine,5mg,2026-04-08
936,Amlodipine,5mg,2026-04-08
940,Amlodipine,5mg,2026-04-08
941,Amlodipine,5mg,2026-04-08
942,Amlodipine,5mg,2026-04-08
943,Amlodipine,5mg,2026-04-08
944,Amlodipine,5mg,2026-04-08
946,Amlodipine,5mg,2026-04-08
947,Amlodipine,5mg,2026-04-08
948,Amlodipine,5mg,2026-04-08
949,Amlodipine,5mg,2026-04-08
950,Amlodipine,5mg,2026-04-08
951,Amlodipine,5mg,2026-04-08
952,Amlodipine,5mg,2026-04-08
954,Amlodipine,5mg,2026-04-08
955,Amlodipine,5mg,2026-04-08
956,Amlodipine,5mg,2026-04-08
957,Amlodipine,5mg,2026-04-08
959,Amlodipine,5mg,2026-04-08
960,Amlodipine,5mg,2026-04-08
961,Amlodipine,5mg,2026-04-08
962,Amlodipine,5mg,2026-04-08
963,Amlodipine,5mg,2026-04-08
966,Amlodipine,5mg,2026-04-08
968,Amlodipine,5mg,2026-04-08
969,Amlodipine,5mg,2026-04-08
970,Amlodipine,5mg,2026-04-08
971,Amlodipine,5mg,2026-04-08
972,Amlodipine,5mg,2026-04-08
973,Amlodipine,5mg,2026-04-08
974,Amlodipine,5mg,2026-04-08
975,Amlodipine,5mg,2026-04-08
976,Amlodipine,5mg,2026-04-08
977,Amlodipine,5mg,2026-04-08
978,Amlodipine,5mg,2026-04-08
979,Amlodipine,5mg,2026-04-08
980,Amlodipine,5mg,2026-04-08
981,Amlodipine,5mg,2026-04-08
983,Amlodipine,5mg,2026-04-08
984,Amlodipine,5mg,2026-04-08
987,Amlodipine,5mg,2026-04-08
988,Amlodipine,5mg,2026-04-08
990,Amlodipine,5mg,2026-04-08
991,Amlodipine,5mg,2026-04-08
992,Amlodipine,5mg,2026-04-08
994,Amlodipine,5mg,2026-04-08
995,Amlodipine,5mg,2026-04-08
996,Amlodipine,5mg,2026-04-08
997,Amlodipine,5mg,2026-04-08
999,Amlodipine,5mg,2026-04-08
1001,Amlodipine,5mg,2026-04-08
1002,Amlodipine,5mg,2026-04-08
1004,Amlodipine,5mg,2026-04-08
1005,Amlodipine,5mg,2026-04-08
1006,Amlodipine,5mg,2026-04-08
1007,Amlodipine,5mg,2026-04-08
1008,Amlodipine,5mg,2026-04-08
1010,Amlodipine,5mg,2026-04-08
1011,Amlodipine,5mg,2026-04-08
1012,Amlodipine,5mg,2026-04-08
1013,Amlodipine,5mg,2026-04-08
1014,Amlodipine,5mg,2026-04-08
1015,Amlodipine,5mg,2026-04-08
1017,Amlodipine,5mg,2026-04-08
1018,Amlodipine,5mg,2026-04-08
1019,Amlodipine,5mg,2026-04-08
1020,Amlodipine,5mg,2026-04-08
1021,Amlodipine,5mg,2026-04-08
1022,Amlodipine,5mg,2026-04-08
1023,Amlodipine,5mg,2026-04-08
1024,Amlodipine,5mg,2026-04-08
1026,Amlodipine,5mg,2026-04-08
1027,Amlodipine,5mg,2026-04-08
1028,Amlodipine,5mg,2026-04-08
1029,Amlodipine,5mg,2026-04-08
1032,Amlodipine,5mg,2026-04-08
1033,Amlodipine,5mg,2026-04-08
1034,Amlodipine,5mg,2026-04-08
1035,Amlodipine,5mg,2026-04-08
1037,Amlodipine,5mg,2026-04-08
1038,Amlodipine,5mg,2026-04-08
1039,Amlodipine,5mg,2026-04-08
1040,Amlodipine,5mg,2026-04-08
1041,Amlodipine,5mg,2026-04-08
1042,Amlodipine,5mg,2026-04-08
1043,Amlodipine,5mg,2026-04-08
1045,Amlodipine,5mg,2026-04-08
1046,Amlodipine,5mg,2026-04-08
1050,Amlodipine,5mg,2026-04-08
1052,Amlodipine,5mg,2026-04-08
1054,Amlodipine,5mg,2026-04-08
1056,Amlodipine,5mg,2026-04-08
1057,Amlodipine,5mg,2026-04-08
1058,Amlodipine,5mg,2026-04-08
1059,Amlodipine,5mg,2026-04-08
1060,Amlodipine,5mg,2026-04-08
1061,Amlodipine,5mg,2026-04-08
1062,Amlodipine,5mg,2026-04-08
1063,Amlodipine,5mg,2026-04-08
1066,Amlodipine,5mg,2026-04-08
1069,Amlodipine,5mg,2026-04-08
1070,Amlodipine,5mg,2026-04-08
1071,Amlodipine,5mg,2026-04-08
1072,Amlodipine,5mg,2026-04-08
1074,Amlodipine,5mg,2026-04-08
1075,Amlodipine,5mg,2026-04-08
1076,Amlodipine,5mg,2026-04-08
1079,Amlodipine,5mg,2026-04-08
1080,Amlodipine,5mg,2026-04-08
1082,Amlodipine,5mg,2026-04-08
1083,Amlodipine,5mg,2026-04-08
1085,Amlodipine,5mg,2026-04-08
1088,Amlodipine,5mg,2026-04-08
1089,Amlodipine,5mg,2026-04-08
1091,Amlodipine,5mg,2026-04-08
1092,Amlodipine,5mg,2026-04-08
1093,Amlodipine,5mg,2026-04-08
1094,Amlodipine,5mg,2026-04-08
1095,Amlodipine,5mg,2026-04-08
1097,Amlodipine,5mg,2026-04-08
1098,Amlodipine,5mg,2026-04-08
1102,Amlodipine,5mg,2026-04-08
1103,Amlodipine,5mg,2026-04-08
1105,Amlodipine,5mg,2026-04-08
1106,Amlodipine,5mg,2026-04-08
1107,Amlodipine,5mg,2026-04-08
1108,Amlodipine,5mg,2026-04-08
1110,Amlodipine,5mg,2026-04-08
1111,Amlodipine,5mg,2026-04-08
1113,Amlodipine,5mg,2026-04-08
1114,Amlodipine,5mg,2026-04-08
1115,Amlodipine,5mg,2026-04-08
1118,Amlodipine,5mg,2026-04-08
1119,Amlodipine,5mg,2026-04-08
1120,Amlodipine,5mg,2026-04-08
1121,Amlodipine,5mg,2026-04-08
1122,Amlodipine,5mg,2026-04-08
1123,Amlodipine,5mg,2026-04-08
1125,Amlodipine,5mg,2026-04-08
1126,Amlodipine,5mg,2026-04-08
1127,Amlodipine,5mg,2026-04-08
1129,Amlodipine,5mg,2026-04-08
1132,Amlodipine,5mg,2026-04-08
1133,Amlodipine,5mg,2026-04-08
1134,Amlodipine,5mg,2026-04-08
1135,Amlodipine,5mg,2026-04-08
1136,Amlodipine,5mg,2026-04-08
1137,Amlodipine,5mg,2026-04-08
1138,Amlodipine,5mg,2026-04-08
1139,Amlodipine,5mg,2026-04-08
1141,Amlodipine,5mg,2026-04-08
1142,Amlodipine,5mg,2026-04-08
1143,Amlodipine,5mg,2026-04-08
1144,Amlodipine,5mg,2026-04-08
1146,Amlodipine,5mg,2026-04-08
1147,Amlodipine,5mg,2026-04-08
1149,Amlodipine,5mg,2026-04-08
1150,Amlodipine,5mg,2026-04-08
1151,Amlodipine,5mg,2026-04-08
1152,Amlodipine,5mg,2026-04-08
1154,Amlodipine,5mg,2026-04-08
1155,Amlodipine,5mg,2026-04-08
1156,Amlodipine,5mg,2026-04-08
1157,Amlodipine,5mg,2026-04-08
1159,Amlodipine,5mg,2026-04-08
1161,Amlodipine,5mg,2026-04-08
1162,Amlodipine,5mg,2026-04-08
1164,Amlodipine,5mg,2026-04-08
1165,Amlodipine,5mg,2026-04-08
1166,Amlodipine,5mg,2026-04-08
1168,Amlodipine,5mg,2026-04-08
1169,Amlodipine,5mg,2026-04-08
1171,Amlodipine,5mg,2026-04-08
1172,Amlodipine,5mg,2026-04-08
1173,Amlodipine,5mg,2026-04-08
1174,Amlodipine,5mg,2026-04-08
1176,Amlodipine,5mg,2026-04-08
1177,Amlodipine,5mg,2026-04-08
1178,Amlodipine,5mg,2026-04-08
1179,Amlodipine,5mg,2026-04-08
1180,Amlodipine,5mg,2026-04-08
1181,Amlodipine,5mg,2026-04-08
1182,Amlodipine,5mg,2026-04-08
1183,Amlodipine,5mg,2026-04-08
1184,Amlodipine,5mg,2026-04-08
1185,Amlodipine,5mg,2026-04-08
1187,Amlodipine,5mg,2026-04-08
1188,Amlodipine,5mg,2026-04-08
1189,Amlodipine,5mg,2026-04-08
1190,Amlodipine,5mg,2026-04-08
1191,Amlodipine,5mg,2026-04-08
1192,Amlodipine,5mg,2026-04-08
1194,Amlodipine,5mg,2026-04-08
1195,Amlodipine,5mg,2026-04-08
1196,Amlodipine,5mg,2026-04-08
1197,Amlodipine,5mg,2026-04-08
1198,Amlodipine,5mg,2026-04-08
1200,Amlodipine,5mg,2026-04-08
